{"cameraMode":{"drawMode":0,"name":"Shaded","section":"Shading Mode"},"sceneLighting":true,"audioPlay":false,"sceneViewState":{"m_AlwaysRefresh":false,"showFog":true,"showSkybox":true,"showFlares":true,"showImageEffects":true,"showParticleSystems":true,"showVisualEffectGraphs":true,"m_FxEnabled":true},"in2DMode":false,"pivot":{"x":30.31878089904785,"y":11.80451488494873,"z":37.65122604370117},"rotation":{"x":0.18433529138565064,"y":0.46396341919898989,"z":-0.09936723113059998,"w":0.8607696294784546},"size":51.562774658203128,"orthographic":false}